"","","","par1","par2","par3"
"cv",1,103.972077083992,0.0717760778974685,3.94904900133429,-4.92762165374675
"cv",2,135.411845221701,-4.84567317915787,3.11134999444225,3.55248441245579
"cv",3,103.87035522893,-0.652884487162145,4.59717767630851,-4.80329085469675
"cv",4,103.972077083992,0.442102651344133,3.67173948041971,-4.80037209747193
"cv",5,106.908019213868,0.765020934621515,3.04601358542677,3.50832772478982
"cv",6,103.972077083992,3.47983494612909,3.14923760112215,3.36344800732511
"cv",7,103.972077083992,0.432273846216496,3.6782180738576,-4.86354795962446
"cv",8,103.610369614644,0.687692928618963,3.52033614407454,-4.43618067675602
