"","","","par1","par2","par3"
"cv",1,104.516610106478,2.81628906202615,1.16424731193093,-1.25560790260486
"cv",2,163.370237229291,0.749709564367434,3.25358215742239,1.689464245538
"cv",3,171.59902716825,4.99999999191257,-4.99970994230382,-2.90859785443513
"cv",4,81.6587382373649,2.58919708899091,2.00056790192271,-0.542278339555354
"cv",5,96.2453268176265,2.803007290066,1.10266896474078,-1.20993709661281
"cv",6,175.174725490455,2.90383181779622,4.9999968112571,0.499578828571584
"cv",7,103.398519377738,3.05162381189281,4.99999947555559,0.664675987398721
"cv",8,84.8877115951628,4.99999927201267,-4.99895781535191,-2.22380020400299
