"","","","par1","par2","par3"
"cv",1,149.365038838699,1.58746669244223,0.437777840052022,-1.53858157218761
"cv",2,87.3016448701138,1.69775358343485,0.92099195538458,-0.847028072873859
"cv",3,85.4185622550694,1.77266769428383,0.697848863209553,-1.0813983872377
"cv",4,82.4414043025086,1.67371277066335,0.412310905323557,-1.1648807147229
"cv",5,138.463543533063,2.12193589392992,1.58549521543512,-1.25893562708598
"cv",6,118.944530346217,1.67419881061958,0.256750266653714,-1.49318309894728
"cv",7,106.896614885165,1.64474323909721,0.402644952178531,-1.36003524324252
"cv",8,92.0887731049557,3.20810901092223,1.7347497863277,-1.16316146601027
