"","","","par1","par2","par3"
"cv",1,101.976253752431,0.699560017349359,-4.99999983512903,-1.68729500235747
"cv",2,138.125838833269,0.499285997930836,-2.2439237785868,-2.18388013536538
"cv",3,206.92867042654,-0.275851209939971,4.33047801975465,-2.00266591040418
"cv",4,97.956445163487,0.881160871319762,-4.99999844518775,-1.68040816282713
"cv",5,109.727558084884,0.540666899357696,-4.9999997657403,-1.7971358368412
"cv",6,107.20326379326,0.450770668238073,-4.9999996136581,-1.68164194715321
"cv",7,108.383624357691,0.514855044176382,-4.99999976490803,-1.74472874487738
"cv",8,108.032602571894,0.286633682284684,-4.9999995043789,-1.65157496816985
