"","","","par1","par2","par3"
"cv",1,61.6892825904973,0.602705108140509,2.09241706327052,-0.0753680093847178
"cv",2,52.7436864004101,0.683442838473886,2.41678030849483,0.252034589669114
"cv",3,100.86429578989,0.673945878231688,1.96531947023699,-0.334489227188143
"cv",4,90.8513383041104,0.800102950728361,3.60684483880925,1.25890372793122
"cv",5,64.7961548500269,0.733937055809513,2.86514561767504,0.640061879669148
"cv",6,107.978132916949,0.694454625876401,3.40799031169541,1.02387994927689
"cv",7,62.8460067504295,0.70198051194916,3.31537160633658,1.08141791842022
"cv",8,41.7970574660105,0.660320789169661,2.82234374324404,0.675666849902065
