"","","","par1","par2","par3"
"cv",1,100.299845052073,3.07792036192051,-0.48502861809093,-4.99899106713491
"cv",2,101.335432209877,1.49305604965144,-0.826215311501456,-2.42368807236449
"cv",3,100.709668378677,3.00817559853666,-0.557138407373623,-4.97560506704188
"cv",4,102.319049451845,0.92409336820367,-1.08669272495204,-1.89118575828531
"cv",5,104.365452413742,2.74884399605662,-0.485231413877881,-4.61586510799437
"cv",6,102.064520589816,-0.74506561335626,4.67639457038558,-4.87099786352392
"cv",7,100.678582121073,2.93651033511294,-0.599695440468361,-4.88020863896392
"cv",8,127.076238671724,2.68711855789926,-0.277361214713052,-4.98044731450502
